hours_coding,coffee_intake_mg,distractions,sleep_hours,commits,bugs_reported,ai_usage_hours,cognitive_load,sleep_deficit,productivity_ratio,caffeine_per_hour,work_intensity,coffee_category,sleep_category
5.35,473,5,9.1,1,0,1.14,1.5,-1.0999999999999996,0.1869158878504673,88.41121495327103,8.024999999999999,2,2
9.63,600,3,8.4,13,0,3.54,5.6,-0.40000000000000036,1.3499480789200413,62.30529595015576,53.928000000000004,2,2
8.07,600,3,4.6,7,1,4.92,7.2,3.4000000000000004,0.8674101610904584,74.34944237918215,58.104000000000006,2,0
1.59,172,4,7.3,1,0,0.41,4.3,0.7000000000000002,0.6289308176100629,108.17610062893081,6.837,0,1
4.34,451,4,6.5,5,3,0.68,5.8,1.5,1.1520737327188941,103.91705069124424,25.171999999999997,2,1
8.73,600,3,3.2,8,5,2.22,8.5,4.8,0.9163802978235968,68.72852233676976,74.205,2,0
2.61,244,5,9.3,1,0,1.6,2.3,-1.3000000000000007,0.3831417624521073,93.48659003831418,6.002999999999999,1,2
8.16,600,1,8.3,6,0,0.3,2.2,-0.3000000000000007,0.7352941176470588,73.52941176470588,17.952,2,2
5.77,513,2,6.2,2,2,4.35,4.1,1.7999999999999998,0.3466204506065858,88.90814558058926,23.656999999999996,2,1
6.36,597,0,7.6,4,1,0.66,4.1,0.40000000000000036,0.6289308176100629,93.86792452830188,26.076,2,1
5.59,594,2,7.5,3,1,2.91,4.7,0.5,0.5366726296958855,106.26118067978534,26.273,2,1
7.73,600,2,6.5,6,3,1.47,4.3,1.5,0.7761966364812418,77.61966364812419,33.239,2,1
7.9,600,4,5.8,11,0,3.47,6.1,2.2,1.3924050632911391,75.94936708860759,48.19,2,0
3.49,404,3,5.9,2,3,2.22,4.6,2.0999999999999996,0.5730659025787965,115.7593123209169,16.054,2,0
4.96,474,3,8.2,4,0,2.57,5.8,-0.1999999999999993,0.8064516129032259,95.56451612903226,28.768,2,2
3.4,407,2,6.6,4,1,0.83,4.1,1.4000000000000004,1.1764705882352942,119.70588235294117,13.939999999999998,2,1
5.16,514,7,5.8,5,2,2.5,9.5,2.2,0.9689922480620154,99.6124031007752,49.02,2,0
4.06,414,1,5.7,5,0,0.84,6.4,2.3,1.2315270935960592,101.97044334975371,25.983999999999998,2,0
1.1,164,2,6.1,4,0,0.81,5.2,1.9000000000000004,3.6363636363636362,149.09090909090907,5.720000000000001,0,1
8.79,600,3,6.3,9,1,2.63,6.2,1.7000000000000002,1.0238907849829353,68.25938566552902,54.498,2,1
7.96,600,4,6.0,6,0,1.82,5.9,2.0,0.7537688442211056,75.37688442211055,46.964000000000006,2,0
5.48,536,3,4.2,4,3,2.52,7.8,3.8,0.7299270072992701,97.81021897810218,42.744,2,0
7.74,600,2,4.9,4,0,0.63,6.2,3.0999999999999996,0.5167958656330749,77.51937984496124,47.988,2,0
11.16,600,7,9.6,11,0,6.36,5.3,-1.5999999999999996,0.985663082437276,53.763440860215056,59.147999999999996,2,2
5.03,519,3,9.6,9,1,0.54,1.4,-1.5999999999999996,1.7892644135188867,103.18091451292246,7.042,2,2
1.08,89,3,5.7,2,1,0.23,6.3,2.3,1.8518518518518516,82.4074074074074,6.804,0,0
5.61,596,4,6.3,4,0,3.61,4.5,1.7000000000000002,0.7130124777183601,106.23885918003565,25.245,2,1
5.14,480,2,8.0,2,3,1.97,2.5,0.0,0.38910505836575876,93.38521400778211,12.85,2,1
7.12,600,1,4.7,5,2,0.2,6.4,3.3,0.7022471910112359,84.26966292134831,45.568000000000005,2,0
6.63,600,1,6.4,7,1,2.81,3.4,1.5999999999999996,1.0558069381598794,90.49773755656109,22.541999999999998,2,1
2.6,283,1,6.5,5,1,0.38,5.0,1.5,1.923076923076923,108.84615384615384,13.0,1,1
2.86,260,3,6.7,2,0,0.37,5.3,1.2999999999999998,0.6993006993006994,90.9090909090909,15.158,1,1
2.13,185,3,7.3,0,0,0.93,4.0,0.7000000000000002,0.0,86.85446009389672,8.52,0,1
5.23,532,0,7.8,6,1,0.26,1.5,0.20000000000000018,1.1472275334608029,101.7208413001912,7.845000000000001,2,1
5.43,494,2,4.1,10,2,1.54,7.6,3.9000000000000004,1.841620626151013,90.97605893186004,41.267999999999994,2,0
1.02,160,4,5.2,1,0,0.21,6.5,2.8,0.9803921568627451,156.86274509803923,6.63,0,0
2.19,341,2,9.2,3,0,0.45,1.8,-1.1999999999999993,1.36986301369863,155.70776255707764,3.942,1,2
4.38,482,5,8.1,0,0,1.38,5.3,-0.09999999999999964,0.0,110.04566210045662,23.214,2,2
6.01,570,2,4.4,7,0,2.95,7.3,3.5999999999999996,1.1647254575707155,94.84193011647255,43.873,2,0
6.29,600,2,5.1,9,0,0.87,6.1,2.9000000000000004,1.4308426073131955,95.38950715421304,38.369,2,0
6.84,600,2,6.8,10,2,0.4,5.4,1.2000000000000002,1.4619883040935673,87.71929824561404,36.936,2,1
4.97,494,3,8.1,4,0,1.55,5.0,-0.09999999999999964,0.8048289738430584,99.39637826961771,24.849999999999998,2,2
2.52,283,6,7.7,0,0,0.35,4.4,0.2999999999999998,0.0,112.3015873015873,11.088000000000001,1,1
6.91,600,1,7.3,7,2,1.28,4.8,0.7000000000000002,1.0130246020260492,86.83068017366136,33.168,2,1
6.04,600,3,6.7,5,1,3.29,4.8,1.2999999999999998,0.8278145695364238,99.33774834437087,28.991999999999997,2,1
2.15,244,4,5.3,1,0,0.08,7.8,2.7,0.46511627906976744,113.48837209302326,16.77,1,0
7.56,600,2,5.7,6,0,4.86,4.3,2.3,0.7936507936507937,79.36507936507937,32.507999999999996,2,0
6.92,600,2,6.1,10,4,3.4,5.6,1.9000000000000004,1.4450867052023122,86.70520231213872,38.751999999999995,2,1
6.58,600,7,6.5,8,0,0.39,7.3,1.5,1.21580547112462,91.1854103343465,48.034,2,1
5.3,600,1,10.0,3,0,1.76,1.2,-2.0,0.5660377358490566,113.20754716981132,6.359999999999999,2,2
3.18,323,4,6.1,0,1,1.74,6.0,1.9000000000000004,0.0,101.57232704402516,19.080000000000002,1,1
5.37,586,5,9.6,6,0,1.58,3.0,-1.5999999999999996,1.1173184357541899,109.12476722532588,16.11,2,2
6.22,599,4,3.8,4,0,0.75,7.4,4.2,0.6430868167202572,96.30225080385853,46.028,2,0
8.29,600,3,6.9,3,3,3.55,5.2,1.0999999999999996,0.3618817852834741,72.37635705669481,43.108,2,1
3.69,332,0,6.6,1,1,1.56,4.0,1.4000000000000004,0.2710027100271003,89.97289972899729,14.76,1,1
3.36,451,3,6.2,2,3,1.99,6.5,1.7999999999999998,0.5952380952380952,134.22619047619048,21.84,2,1
8.26,600,3,8.8,7,2,2.17,3.9,-0.8000000000000007,0.8474576271186441,72.63922518159806,32.214,2,2
1.77,215,0,6.0,2,1,0.66,3.0,2.0,1.1299435028248588,121.46892655367232,5.3100000000000005,1,0
3.75,292,2,6.0,1,2,1.6,3.4,2.0,0.26666666666666666,77.86666666666666,12.75,1,0
4.63,567,4,8.4,2,0,1.58,3.7,-0.40000000000000036,0.4319654427645788,122.46220302375811,17.131,2,2
5.99,600,1,5.8,2,1,0.71,5.4,2.2,0.333889816360601,100.1669449081803,32.346000000000004,2,0
2.99,271,3,6.7,6,0,0.59,4.4,1.2999999999999998,2.0066889632107023,90.63545150501672,13.156000000000002,1,1
3.6,384,2,8.0,5,0,1.51,4.1,0.0,1.3888888888888888,106.66666666666666,14.76,1,1
3.99,418,3,6.3,6,2,2.15,6.9,1.7000000000000002,1.5037593984962405,104.76190476190476,27.531000000000002,2,1
8.66,600,1,8.9,3,0,1.47,3.2,-0.9000000000000004,0.3464203233256351,69.28406466512702,27.712000000000003,2,2
4.5,457,3,6.9,6,1,1.37,4.0,1.0999999999999996,1.3333333333333333,101.55555555555556,18.0,2,1
6.65,600,4,6.9,7,2,1.03,5.1,1.0999999999999996,1.0526315789473684,90.22556390977444,33.915,2,1
5.12,526,2,7.6,5,0,1.62,3.3,0.40000000000000036,0.9765625,102.734375,16.896,2,1
2.48,202,5,10.0,3,1,0.34,1.6,-2.0,1.2096774193548387,81.45161290322581,3.968,1,2
8.51,600,4,6.3,7,2,0.87,5.7,1.7000000000000002,0.8225616921269095,70.50528789659225,48.507,2,1
4.95,492,2,9.0,5,0,0.58,2.1,-1.0,1.0101010101010102,99.39393939393939,10.395000000000001,2,2
5.81,511,1,9.4,5,0,1.52,3.3,-1.4000000000000004,0.8605851979345955,87.95180722891567,19.173,2,2
2.17,255,4,8.1,3,0,0.48,3.7,-0.09999999999999964,1.3824884792626728,117.51152073732719,8.029,1,2
6.08,594,1,5.3,3,0,0.91,6.8,2.7,0.4934210526315789,97.69736842105263,41.344,2,0
2.57,330,2,8.1,0,0,1.15,1.0,-0.09999999999999964,0.0,128.4046692607004,2.57,1,2
7.33,600,3,6.2,5,2,2.03,6.3,1.7999999999999998,0.6821282401091405,81.85538881309687,46.179,2,1
5.63,514,4,6.7,6,2,3.01,4.6,1.2999999999999998,1.0657193605683837,91.29662522202487,25.897999999999996,2,1
3.91,353,1,6.7,3,2,0.6,1.0,1.2999999999999998,0.7672634271099744,90.28132992327366,3.91,1,1
5.24,556,6,7.4,6,1,0.72,3.7,0.5999999999999996,1.1450381679389312,106.10687022900763,19.388,2,1
3.32,458,3,4.3,2,2,0.69,9.1,3.7,0.6024096385542169,137.95180722891567,30.211999999999996,2,0
4.42,396,1,7.1,2,1,0.3,1.3,0.9000000000000004,0.45248868778280543,89.59276018099547,5.746,1,1
3.5,364,6,9.8,3,1,0.75,2.3,-1.8000000000000007,0.8571428571428571,104.0,8.049999999999999,1,2
6.9,600,4,8.9,8,0,1.42,4.8,-0.9000000000000004,1.1594202898550725,86.95652173913044,33.12,2,2
2.39,331,2,7.7,2,1,1.25,3.6,0.2999999999999998,0.8368200836820083,138.49372384937237,8.604000000000001,1,1
7.71,600,6,5.6,6,1,2.17,7.2,2.4000000000000004,0.7782101167315175,77.82101167315174,55.512,2,0
4.93,499,2,7.4,3,0,0.22,4.9,0.5999999999999996,0.6085192697768763,101.21703853955376,24.157,2,1
3.38,347,4,7.4,0,1,2.2,4.0,0.5999999999999996,0.0,102.66272189349112,13.52,1,1
8.05,600,3,4.0,11,2,3.36,7.8,4.0,1.3664596273291925,74.53416149068322,62.790000000000006,2,0
4.03,385,1,6.9,5,1,0.31,4.0,1.0999999999999996,1.2406947890818858,95.5334987593052,16.12,1,1
4.53,429,1,7.1,5,0,3.06,3.9,0.9000000000000004,1.1037527593818983,94.70198675496688,17.667,2,1
7.24,600,3,7.0,9,0,2.63,5.9,1.0,1.2430939226519337,82.87292817679558,42.716,2,1
5.15,465,5,5.9,3,0,1.96,8.1,2.0999999999999996,0.5825242718446602,90.29126213592232,41.715,2,0
6.18,600,2,5.6,4,1,2.57,4.9,2.4000000000000004,0.6472491909385114,97.0873786407767,30.282,2,0
3.22,384,2,5.3,5,0,0.7,7.4,2.7,1.5527950310559004,119.25465838509317,23.828000000000003,1,0
5.66,586,1,6.4,4,1,3.44,4.8,1.5999999999999996,0.7067137809187279,103.53356890459364,27.168,2,1
3.65,326,6,8.1,3,0,2.41,4.3,-0.09999999999999964,0.8219178082191781,89.31506849315069,15.694999999999999,1,2
6.63,600,4,6.2,4,1,2.92,6.6,1.7999999999999998,0.6033182503770739,90.49773755656109,43.757999999999996,2,1
3.43,385,4,9.9,4,0,0.79,2.2,-1.9000000000000004,1.1661807580174925,112.24489795918367,7.546000000000001,1,2
8.08,600,2,7.8,8,1,0.58,2.3,0.20000000000000018,0.9900990099009901,74.25742574257426,18.584,2,1
5.42,499,3,7.6,5,0,0.89,2.4,0.40000000000000036,0.922509225092251,92.06642066420665,13.008,2,1
6.63,600,5,7.8,0,1,1.87,2.6,0.20000000000000018,0.0,90.49773755656109,17.238,2,1
6.3,600,4,10.0,4,0,1.55,2.9,-2.0,0.6349206349206349,95.23809523809524,18.27,2,2
5.15,490,2,8.7,8,0,1.14,2.1,-0.6999999999999993,1.5533980582524272,95.14563106796116,10.815000000000001,2,2
4.55,482,3,8.9,0,0,0.66,2.2,-0.9000000000000004,0.0,105.93406593406594,10.01,2,2
3.7,285,2,8.3,1,0,1.32,2.5,-0.3000000000000007,0.27027027027027023,77.02702702702702,9.25,1,2
5.83,588,2,6.8,7,1,3.8,4.4,1.2000000000000002,1.2006861063464838,100.85763293310463,25.652,2,1
3.48,382,3,4.9,3,3,1.14,6.8,3.0999999999999996,0.8620689655172414,109.77011494252874,23.663999999999998,1,0
3.23,340,1,6.3,0,2,0.13,3.4,1.7000000000000002,0.0,105.26315789473685,10.982,1,1
5.73,497,4,7.1,9,0,0.94,6.6,0.9000000000000004,1.5706806282722512,86.73647469458987,37.818,2,1
4.06,409,5,6.1,6,2,2.43,7.0,1.9000000000000004,1.4778325123152711,100.73891625615765,28.419999999999998,2,1
6.7,600,5,3.8,9,1,2.26,8.6,4.2,1.3432835820895521,89.55223880597015,57.62,2,0
2.66,303,4,8.6,1,0,0.36,3.6,-0.5999999999999996,0.37593984962406013,113.90977443609022,9.576,1,2
9.27,600,3,3.9,12,1,5.37,7.2,4.1,1.2944983818770228,64.72491909385114,66.744,2,0
4.79,496,1,8.1,7,2,1.29,1.0,-0.09999999999999964,1.4613778705636744,103.54906054279749,4.79,2,2
6.52,600,3,5.5,4,3,2.28,6.0,2.5,0.6134969325153374,92.02453987730063,39.12,2,0
1.79,130,3,5.1,1,1,0.12,8.5,2.9000000000000004,0.5586592178770949,72.62569832402235,15.215,0,0
4.11,393,1,6.9,4,0,0.74,3.7,1.0999999999999996,0.97323600973236,95.62043795620437,15.207000000000003,1,1
3.94,392,2,6.2,5,0,1.75,4.8,1.7999999999999998,1.2690355329949239,99.49238578680203,18.912,1,1
4.06,439,2,7.4,3,0,0.04,3.4,0.5999999999999996,0.7389162561576356,108.128078817734,13.803999999999998,2,1
4.31,475,1,5.5,3,0,1.07,4.9,2.5,0.6960556844547564,110.20881670533643,21.119,2,0
7.11,600,3,6.2,2,0,1.0,5.2,1.7999999999999998,0.2812939521800281,84.38818565400844,36.972,2,1
5.09,530,6,6.6,5,2,1.09,5.1,1.4000000000000004,0.9823182711198428,104.12573673870334,25.958999999999996,2,1
7.56,600,4,7.8,11,0,1.6,4.4,0.20000000000000018,1.4550264550264551,79.36507936507937,33.264,2,1
3.41,397,4,7.3,1,0,1.19,5.1,0.7000000000000002,0.29325513196480935,116.42228739002933,17.391,1,1
6.76,600,4,7.8,5,0,2.88,5.2,0.20000000000000018,0.7396449704142012,88.75739644970415,35.152,2,1
1.55,126,3,6.0,4,1,0.6,5.7,2.0,2.5806451612903225,81.29032258064515,8.835,0,0
5.71,517,3,6.1,6,1,2.95,5.3,1.9000000000000004,1.0507880910683012,90.54290718038528,30.262999999999998,2,1
6.91,600,0,6.7,6,3,3.13,3.7,1.2999999999999998,0.8683068017366136,86.83068017366136,25.567,2,1
4.85,467,2,6.6,7,0,1.52,4.4,1.4000000000000004,1.4432989690721651,96.28865979381445,21.34,2,1
6.37,600,4,8.6,7,0,1.91,3.0,-0.5999999999999996,1.0989010989010988,94.19152276295134,19.11,2,2
7.61,600,3,6.1,8,1,3.4,5.4,1.9000000000000004,1.0512483574244416,78.84362680683311,41.094,2,1
6.25,600,2,6.7,5,1,2.9,5.0,1.2999999999999998,0.8,96.0,31.25,2,1
3.25,296,6,6.9,1,0,1.52,6.3,1.0999999999999996,0.3076923076923077,91.07692307692308,20.474999999999998,1,1
7.06,600,2,4.7,6,2,3.83,4.6,3.3,0.8498583569405099,84.98583569405099,32.476,2,0
5.46,571,2,8.4,5,1,3.03,1.0,-0.40000000000000036,0.9157509157509157,104.57875457875458,5.46,2,2
2.88,300,4,7.3,1,0,0.57,5.4,0.7000000000000002,0.3472222222222222,104.16666666666667,15.552,1,1
5.89,546,2,6.1,5,0,1.25,3.1,1.9000000000000004,0.8488964346349746,92.69949066213923,18.259,2,1
6.23,589,2,9.6,2,0,3.08,1.0,-1.5999999999999996,0.32102728731942215,94.54253611556982,6.23,2,2
6.0,560,1,5.3,3,3,2.57,5.8,2.7,0.5,93.33333333333333,34.8,2,0
3.28,294,2,7.2,5,0,0.88,3.5,0.7999999999999998,1.524390243902439,89.63414634146342,11.479999999999999,1,1
10.44,600,4,7.7,9,0,3.5,3.8,0.2999999999999998,0.8620689655172414,57.4712643678161,39.672,2,1
5.43,578,4,5.9,2,3,0.06,5.0,2.0999999999999996,0.3683241252302026,106.44567219152854,27.15,2,0
9.12,600,1,8.6,10,0,3.86,1.9,-0.5999999999999996,1.0964912280701755,65.78947368421053,17.328,2,2
4.22,473,5,6.5,2,0,0.82,5.3,1.5,0.47393364928909953,112.08530805687205,22.366,2,1
8.93,600,4,7.6,6,1,3.05,3.8,0.40000000000000036,0.671892497200448,67.1892497200448,33.934,2,1
6.95,600,3,4.9,5,2,0.13,4.4,3.0999999999999996,0.7194244604316546,86.33093525179856,30.580000000000002,2,0
4.53,421,6,6.9,4,0,1.26,6.3,1.0999999999999996,0.8830022075055187,92.93598233995584,28.539,2,1
0.0,41,2,7.9,0,0,0.0,2.8,0.09999999999999964,0.0,410.0,0.0,0,1
2.18,255,3,3.7,3,0,0.64,8.2,4.3,1.3761467889908257,116.97247706422017,17.876,1,0
4.93,537,3,7.1,2,0,0.19,4.6,0.9000000000000004,0.40567951318458423,108.92494929006085,22.677999999999997,2,1
3.45,351,2,6.9,5,1,0.41,4.1,1.0999999999999996,1.4492753623188406,101.73913043478261,14.145,1,1
5.22,432,0,7.0,2,1,1.72,2.7,1.0,0.3831417624521073,82.75862068965517,14.094,2,1
2.88,228,6,8.2,1,0,1.66,3.7,-0.1999999999999993,0.3472222222222222,79.16666666666667,10.656,1,2
4.78,473,5,6.6,5,0,0.86,7.1,1.4000000000000004,1.0460251046025104,98.95397489539748,33.938,2,1
3.8,360,5,10.0,0,2,1.22,3.6,-2.0,0.0,94.73684210526316,13.68,1,2
5.52,540,5,7.8,3,0,2.18,5.5,0.20000000000000018,0.5434782608695653,97.82608695652175,30.36,2,1
4.01,412,2,6.7,2,0,1.18,2.6,1.2999999999999998,0.49875311720698257,102.74314214463841,10.426,2,1
4.04,419,2,7.0,3,0,1.69,5.9,1.0,0.7425742574257426,103.7128712871287,23.836000000000002,2,1
5.66,562,3,6.4,5,3,0.82,3.5,1.5999999999999996,0.8833922261484098,99.29328621908127,19.810000000000002,2,1
3.32,308,3,5.4,4,0,1.27,6.7,2.5999999999999996,1.2048192771084338,92.77108433734941,22.244,1,0
5.77,562,3,5.4,7,0,1.19,4.6,2.5999999999999996,1.2131715771230505,97.40034662045062,26.541999999999994,2,0
7.27,600,3,7.5,9,4,1.5,4.1,0.5,1.237964236588721,82.53094910591473,29.806999999999995,2,1
1.17,72,7,7.9,2,0,0.39,4.2,0.09999999999999964,1.7094017094017095,61.53846153846154,4.914,0,1
5.2,523,1,7.9,1,1,0.49,1.5,0.09999999999999964,0.1923076923076923,100.57692307692308,7.800000000000001,2,1
3.36,309,3,9.4,3,0,0.07,2.1,-1.4000000000000004,0.8928571428571429,91.96428571428572,7.056,1,2
1.16,149,4,7.9,0,1,0.32,2.3,0.09999999999999964,0.0,128.44827586206898,2.6679999999999997,0,1
9.93,600,2,8.6,10,1,3.14,1.9,-0.5999999999999996,1.0070493454179255,60.422960725075534,18.866999999999997,2,2
3.57,360,3,7.8,5,1,1.25,4.4,0.20000000000000018,1.400560224089636,100.84033613445379,15.708,1,1
4.7,511,4,7.0,1,1,1.08,6.9,1.0,0.2127659574468085,108.72340425531914,32.43,2,1
3.82,358,4,10.0,1,0,0.75,1.5,-2.0,0.2617801047120419,93.717277486911,5.7299999999999995,1,2
6.64,554,1,5.6,5,0,2.58,4.6,2.4000000000000004,0.7530120481927711,83.43373493975903,30.543999999999997,2,0
6.72,600,0,8.5,7,0,4.16,1.0,-0.5,1.0416666666666667,89.28571428571429,6.72,2,2
5.98,600,3,7.3,8,0,2.67,3.1,0.7000000000000002,1.3377926421404682,100.3344481605351,18.538,2,1
5.01,502,3,9.3,4,2,2.0,1.9,-1.3000000000000007,0.7984031936127745,100.1996007984032,9.518999999999998,2,2
4.93,509,1,5.2,3,0,0.3,4.5,2.8,0.6085192697768763,103.24543610547668,22.185,2,0
0.75,51,0,4.1,0,2,0.49,2.5,3.9000000000000004,0.0,68.0,1.875,0,0
4.06,414,4,9.6,8,0,1.38,4.2,-1.5999999999999996,1.9704433497536948,101.97044334975371,17.052,2,2
7.95,600,4,6.4,8,3,2.45,5.8,1.5999999999999996,1.0062893081761006,75.47169811320755,46.11,2,1
5.52,463,2,8.6,6,0,0.6,2.6,-0.5999999999999996,1.0869565217391306,83.8768115942029,14.351999999999999,2,2
2.84,302,3,8.2,3,1,0.46,3.1,-0.1999999999999993,1.0563380281690142,106.3380281690141,8.804,1,2
3.35,412,4,7.1,0,2,1.71,4.3,0.9000000000000004,0.0,122.98507462686567,14.405,2,1
5.55,485,2,8.3,3,0,0.95,1.1,-0.3000000000000007,0.5405405405405406,87.38738738738739,6.105,2,2
4.86,384,3,6.0,2,4,2.61,5.3,2.0,0.4115226337448559,79.01234567901234,25.758,1,0
4.37,435,4,7.5,4,0,1.91,4.9,0.5,0.9153318077803203,99.54233409610984,21.413000000000004,2,1
5.39,511,5,8.0,8,0,1.35,4.9,0.0,1.4842300556586272,94.80519480519482,26.411,2,1
3.56,324,2,6.1,4,2,0.19,4.2,1.9000000000000004,1.1235955056179776,91.01123595505618,14.952000000000002,1,1
1.48,145,2,3.0,2,4,0.37,8.2,5.0,1.3513513513513513,97.97297297297297,12.136,0,0
5.68,550,2,5.8,5,2,2.4,3.8,2.2,0.8802816901408451,96.83098591549296,21.584,2,0
2.54,189,5,9.0,5,1,0.79,4.8,-1.0,1.968503937007874,74.40944881889763,12.192,0,2
7.96,600,4,6.6,5,1,3.28,5.5,1.4000000000000004,0.628140703517588,75.37688442211055,43.78,2,1
6.86,600,2,6.0,5,0,2.42,5.0,2.0,0.7288629737609329,87.46355685131195,34.300000000000004,2,0
7.88,600,7,8.8,8,0,1.51,4.3,-0.8000000000000007,1.015228426395939,76.14213197969544,33.884,2,2
4.57,431,3,6.7,2,0,2.04,3.7,1.2999999999999998,0.437636761487965,94.31072210065645,16.909000000000002,2,1
4.87,475,4,5.6,4,0,2.07,6.2,2.4000000000000004,0.8213552361396304,97.5359342915811,30.194000000000003,2,0
2.75,286,2,6.8,2,1,0.11,5.2,1.2000000000000002,0.7272727272727273,104.0,14.3,1,1
3.96,510,3,7.9,5,0,0.35,2.0,0.09999999999999964,1.2626262626262625,128.78787878787878,7.92,2,1
3.31,366,2,6.6,5,5,1.45,5.4,1.4000000000000004,1.5105740181268883,110.57401812688822,17.874000000000002,1,1
3.85,313,2,7.3,4,0,1.07,3.3,0.7000000000000002,1.0389610389610389,81.2987012987013,12.705,1,1
0.87,119,2,3.3,3,3,0.07,10.0,4.7,3.4482758620689657,136.7816091954023,8.7,0,0
4.56,447,2,6.6,9,0,0.19,3.6,1.4000000000000004,1.973684210526316,98.0263157894737,16.416,2,1
3.94,436,3,7.5,1,4,0.82,3.7,0.5,0.25380710659898476,110.65989847715736,14.578000000000001,2,1
7.11,600,2,8.6,8,0,0.25,2.6,-0.5999999999999996,1.1251758087201125,84.38818565400844,18.486,2,2
5.26,600,6,6.7,1,3,0.95,5.9,1.2999999999999998,0.19011406844106465,114.06844106463879,31.034,2,1
8.7,600,1,9.2,12,0,1.45,1.8,-1.1999999999999993,1.3793103448275863,68.96551724137932,15.659999999999998,2,2
4.82,477,2,6.0,8,0,0.71,5.3,2.0,1.6597510373443982,98.96265560165975,25.546,2,0
5.81,600,1,6.8,4,0,2.65,3.3,1.2000000000000002,0.6884681583476765,103.27022375215147,19.173,2,1
4.77,503,7,7.4,4,1,0.91,6.7,0.5999999999999996,0.8385744234800839,105.45073375262055,31.959,2,1
6.57,600,2,6.7,2,4,2.39,3.5,1.2999999999999998,0.30441400304414,91.32420091324201,22.995,2,1
5.4,503,4,7.6,3,2,0.82,4.3,0.40000000000000036,0.5555555555555555,93.14814814814814,23.22,2,1
5.52,503,0,7.5,8,0,1.54,2.9,0.5,1.4492753623188408,91.12318840579711,16.008,2,1
4.85,560,3,5.0,1,1,1.0,6.0,3.0,0.2061855670103093,115.4639175257732,29.099999999999998,2,0
3.15,286,2,6.1,4,2,0.52,4.4,1.9000000000000004,1.2698412698412698,90.7936507936508,13.860000000000001,1,1
3.07,279,4,6.1,3,3,0.81,5.3,1.9000000000000004,0.977198697068404,90.87947882736157,16.270999999999997,1,1
0.0,128,5,6.2,0,1,0.0,5.7,1.7999999999999998,0.0,1280.0,0.0,0,1
6.94,600,4,9.0,5,0,0.65,3.8,-1.0,0.7204610951008645,86.45533141210375,26.372,2,2
0.95,108,7,6.9,3,0,0.39,6.2,1.0999999999999996,3.1578947368421053,113.6842105263158,5.89,0,1
1.97,219,6,6.6,2,2,0.63,7.2,1.4000000000000004,1.015228426395939,111.16751269035534,14.184,1,1
8.17,600,4,6.0,8,2,2.74,4.8,2.0,0.9791921664626683,73.43941248470013,39.216,2,0
7.91,600,1,8.2,11,0,0.48,1.0,-0.1999999999999993,1.3906447534766118,75.85335018963337,7.91,2,2
4.33,397,2,6.6,5,0,0.6,2.8,1.4000000000000004,1.1547344110854503,91.68591224018476,12.123999999999999,1,1
8.13,600,2,5.7,9,0,1.69,4.6,2.3,1.107011070110701,73.80073800738006,37.398,2,0
6.8,600,5,3.0,9,2,4.13,8.2,5.0,1.3235294117647058,88.23529411764706,55.75999999999999,2,0
5.18,444,6,8.3,4,0,3.64,4.9,-0.3000000000000007,0.7722007722007722,85.71428571428572,25.382,2,2
6.03,560,5,4.7,5,1,3.52,8.5,3.3,0.8291873963515755,92.86898839137645,51.255,2,0
4.1,420,2,7.1,5,2,1.55,2.6,0.9000000000000004,1.2195121951219514,102.43902439024392,10.66,2,1
3.94,390,1,6.1,5,2,0.68,2.9,1.9000000000000004,1.2690355329949239,98.98477157360406,11.426,1,1
4.03,535,2,5.2,6,1,2.36,6.0,2.8,1.4888337468982629,132.75434243176178,24.18,2,0
4.71,482,2,6.9,5,0,0.33,3.3,1.0999999999999996,1.0615711252653928,102.33545647558387,15.543,2,1
5.95,583,2,6.3,4,0,1.93,5.5,1.7000000000000002,0.6722689075630252,97.98319327731092,32.725,2,1
4.16,370,1,7.9,7,1,1.16,2.8,0.09999999999999964,1.6826923076923077,88.9423076923077,11.648,1,1
6.04,593,3,6.5,8,2,1.44,4.7,1.5,1.3245033112582782,98.17880794701986,28.388,2,1
4.47,494,2,6.9,2,0,0.18,2.5,1.0999999999999996,0.447427293064877,110.51454138702462,11.174999999999999,2,1
6.52,600,3,5.7,6,2,3.05,5.5,2.3,0.9202453987730062,92.02453987730063,35.86,2,0
2.2,287,2,9.3,0,0,1.1,1.0,-1.3000000000000007,0.0,130.45454545454544,2.2,1,2
5.62,531,4,4.5,3,1,3.48,7.5,3.5,0.5338078291814946,94.48398576512456,42.15,2,0
6.95,600,1,6.7,7,0,3.06,2.6,1.2999999999999998,1.0071942446043165,86.33093525179856,18.07,2,1
6.38,600,3,7.7,6,0,1.78,4.4,0.2999999999999998,0.9404388714733543,94.04388714733543,28.072000000000003,2,1
6.65,600,1,7.1,7,3,2.82,3.0,0.9000000000000004,1.0526315789473684,90.22556390977444,19.950000000000003,2,1
5.95,594,6,6.6,7,0,0.3,6.5,1.4000000000000004,1.1764705882352942,99.83193277310924,38.675000000000004,2,1
5.02,551,3,7.7,1,1,1.81,3.3,0.2999999999999998,0.19920318725099603,109.76095617529882,16.566,2,1
6.63,598,6,8.5,4,2,1.55,3.9,-0.5,0.6033182503770739,90.19607843137256,25.857,2,2
3.71,446,3,5.9,1,1,0.45,2.9,2.0999999999999996,0.2695417789757412,120.21563342318059,10.759,2,0
4.58,480,6,7.4,5,1,3.03,6.6,0.5999999999999996,1.0917030567685588,104.80349344978166,30.227999999999998,2,1
3.02,252,3,7.6,4,2,1.09,3.5,0.40000000000000036,1.3245033112582782,83.44370860927152,10.57,1,1
6.36,600,2,4.7,7,1,2.22,6.9,3.3,1.10062893081761,94.33962264150944,43.88400000000001,2,0
5.62,441,3,7.5,5,0,0.16,4.6,0.5,0.8896797153024911,78.46975088967972,25.851999999999997,2,1
5.35,564,5,5.2,1,0,1.03,5.8,2.8,0.1869158878504673,105.42056074766356,31.029999999999998,2,0
6.71,600,2,7.7,7,0,0.31,3.2,0.2999999999999998,1.0432190760059612,89.41877794336811,21.472,2,1
3.61,414,2,7.7,5,0,0.21,3.0,0.2999999999999998,1.3850415512465375,114.6814404432133,10.83,2,1
5.75,578,1,8.0,6,2,1.53,3.0,0.0,1.0434782608695652,100.52173913043478,17.25,2,1
3.35,366,1,3.0,1,2,1.52,7.1,5.0,0.29850746268656714,109.25373134328358,23.785,1,0
8.37,600,2,8.2,6,0,2.4,4.1,-0.1999999999999993,0.7168458781362008,71.68458781362008,34.31699999999999,2,2
4.42,466,4,5.3,2,2,0.94,5.6,2.7,0.45248868778280543,105.42986425339366,24.752,2,0
7.01,600,0,8.3,3,0,1.18,3.2,-0.3000000000000007,0.42796005706134094,85.59201141226819,22.432000000000002,2,2
2.97,322,3,6.1,1,2,0.69,4.5,1.9000000000000004,0.33670033670033667,108.41750841750842,13.365,1,1
2.88,280,1,9.9,0,1,0.29,1.0,-1.9000000000000004,0.0,97.22222222222223,2.88,1,2
2.71,262,4,5.1,2,1,0.37,7.1,2.9000000000000004,0.7380073800738007,96.6789667896679,19.241,1,0
5.46,491,7,7.7,11,1,1.16,6.5,0.2999999999999998,2.0146520146520146,89.92673992673993,35.49,2,1
2.86,218,3,5.6,3,2,0.99,7.6,2.4000000000000004,1.048951048951049,76.22377622377623,21.735999999999997,1,0
3.38,398,4,6.1,3,0,0.66,6.7,1.9000000000000004,0.8875739644970414,117.75147928994083,22.646,1,1
7.06,600,2,5.7,6,2,0.62,5.1,2.3,0.8498583569405099,84.98583569405099,36.00599999999999,2,0
2.14,303,0,6.2,1,1,1.22,5.5,1.7999999999999998,0.4672897196261682,141.58878504672896,11.770000000000001,1,1
7.53,600,1,7.3,5,0,1.98,1.5,0.7000000000000002,0.6640106241699867,79.6812749003984,11.295,2,1
6.01,600,4,7.2,8,0,0.5,3.6,0.7999999999999998,1.3311148086522464,99.83361064891847,21.636,2,1
2.36,289,2,7.4,1,0,0.78,3.6,0.5999999999999996,0.42372881355932207,122.45762711864407,8.496,1,1
2.99,277,1,5.9,6,0,0.2,4.9,2.0999999999999996,2.0066889632107023,92.64214046822742,14.651000000000002,1,0
5.23,532,5,5.0,2,3,1.88,9.1,3.0,0.3824091778202677,101.7208413001912,47.593,2,0
3.88,425,3,5.2,6,0,0.57,5.1,2.8,1.5463917525773196,109.5360824742268,19.787999999999997,2,0
6.17,600,1,7.7,9,0,2.48,2.8,0.2999999999999998,1.4586709886547813,97.24473257698541,17.276,2,1
2.79,322,6,5.6,4,0,1.35,5.7,2.4000000000000004,1.4336917562724014,115.41218637992831,15.903,1,0
5.6,567,3,8.5,8,0,1.25,4.3,-0.5,1.4285714285714286,101.25,24.08,2,2
3.47,436,5,5.4,5,2,2.04,6.2,2.5999999999999996,1.440922190201729,125.64841498559078,21.514000000000003,2,0
9.24,600,6,7.4,10,2,5.56,5.9,0.5999999999999996,1.0822510822510822,64.93506493506493,54.516000000000005,2,1
2.36,233,3,6.2,2,0,0.95,4.1,1.7999999999999998,0.8474576271186441,98.72881355932203,9.675999999999998,1,1
4.77,537,3,6.8,7,1,1.92,5.8,1.2000000000000002,1.4675052410901468,112.57861635220127,27.665999999999997,2,1
5.5,600,1,9.3,5,0,0.8,1.0,-1.3000000000000007,0.9090909090909091,109.0909090909091,5.5,2,2
4.45,451,4,5.2,4,0,2.05,6.0,2.8,0.898876404494382,101.34831460674157,26.700000000000003,2,0
4.23,415,6,7.6,3,0,0.91,6.1,0.40000000000000036,0.7092198581560283,98.10874704491725,25.803,2,1
5.34,478,1,6.3,4,0,3.34,3.8,1.7000000000000002,0.7490636704119851,89.51310861423221,20.291999999999998,2,1
4.07,421,0,8.8,3,2,1.64,1.0,-0.8000000000000007,0.7371007371007371,103.43980343980343,4.07,2,2
4.38,417,3,5.8,5,2,1.11,5.8,2.2,1.1415525114155252,95.2054794520548,25.404,2,0
3.8,354,3,7.4,3,1,1.18,3.6,0.5999999999999996,0.7894736842105263,93.15789473684211,13.68,1,1
1.81,200,2,5.3,0,0,0.72,5.4,2.7,0.0,110.49723756906077,9.774000000000001,0,0
6.26,600,3,8.0,6,0,1.24,4.5,0.0,0.9584664536741214,95.84664536741214,28.169999999999998,2,1
4.5,356,6,6.2,6,2,1.73,6.8,1.7999999999999998,1.3333333333333333,79.11111111111111,30.599999999999998,1,1
5.59,600,2,7.1,2,0,0.38,5.0,0.9000000000000004,0.35778175313059035,107.3345259391771,27.95,2,1
6.14,600,3,6.5,3,3,1.73,5.0,1.5,0.488599348534202,97.7198697068404,30.7,2,1
7.2,600,1,7.4,6,1,2.58,4.8,0.5999999999999996,0.8333333333333333,83.33333333333333,34.56,2,1
4.85,467,3,7.9,4,1,1.26,3.6,0.09999999999999964,0.8247422680412372,96.28865979381445,17.46,2,1
4.4,479,5,4.9,0,0,0.19,6.9,3.0999999999999996,0.0,108.86363636363636,30.360000000000003,2,0
5.59,546,1,7.5,4,1,2.33,2.9,0.5,0.7155635062611807,97.67441860465117,16.211,2,1
5.09,573,2,7.9,4,0,2.29,4.4,0.09999999999999964,0.7858546168958743,112.57367387033399,22.396,2,1
1.47,117,3,8.4,0,0,0.51,4.0,-0.40000000000000036,0.0,79.59183673469389,5.88,0,2
8.53,600,1,9.9,5,0,2.84,1.2,-1.9000000000000004,0.5861664712778429,70.33997655334116,10.235999999999999,2,2
1.96,149,5,9.2,0,0,1.24,2.7,-1.1999999999999993,0.0,76.0204081632653,5.292,0,2
4.74,514,1,7.3,5,0,1.29,4.5,0.7000000000000002,1.0548523206751055,108.43881856540084,21.330000000000002,2,1
6.94,600,5,6.6,7,0,1.99,6.6,1.4000000000000004,1.0086455331412103,86.45533141210375,45.804,2,1
4.2,400,3,9.3,3,0,1.29,2.0,-1.3000000000000007,0.7142857142857143,95.23809523809524,8.4,1,2
2.93,382,2,6.7,3,2,1.38,5.9,1.2999999999999998,1.023890784982935,130.37542662116041,17.287000000000003,1,1
3.88,362,2,7.6,4,0,0.56,3.9,0.40000000000000036,1.0309278350515465,93.29896907216495,15.132,1,1
4.62,584,5,10.0,5,0,0.62,2.7,-2.0,1.0822510822510822,126.4069264069264,12.474000000000002,2,2
5.2,552,1,8.4,7,0,1.96,1.4,-0.40000000000000036,1.346153846153846,106.15384615384615,7.279999999999999,2,2
5.95,573,7,6.2,7,2,1.18,6.1,1.7999999999999998,1.1764705882352942,96.30252100840336,36.295,2,1
0.4,6,1,6.4,0,0,0.07,3.3,1.5999999999999996,0.0,15.0,1.32,0,1
3.71,353,4,8.3,3,0,1.21,3.9,-0.3000000000000007,0.8086253369272237,95.14824797843666,14.469,1,2
7.18,600,3,6.5,5,1,1.05,5.7,1.5,0.6963788300835655,83.56545961002786,40.926,2,1
6.5,600,1,7.0,8,0,1.14,3.6,1.0,1.2307692307692308,92.3076923076923,23.400000000000002,2,1
5.01,479,4,7.7,2,0,0.22,3.4,0.2999999999999998,0.3992015968063872,95.60878243512974,17.034,2,1
5.49,493,4,8.3,6,2,0.95,3.9,-0.3000000000000007,1.0928961748633879,89.79963570127504,21.411,2,2
3.82,396,0,3.6,8,2,0.05,7.2,4.4,2.094240837696335,103.66492146596859,27.503999999999998,1,0
5.71,551,5,7.9,4,0,0.69,4.6,0.09999999999999964,0.7005253940455342,96.49737302977233,26.266,2,1
6.19,600,5,8.9,10,1,2.47,3.7,-0.9000000000000004,1.615508885298869,96.93053311793214,22.903000000000002,2,2
3.21,275,6,8.9,2,2,1.46,3.4,-0.9000000000000004,0.6230529595015576,85.66978193146417,10.914,1,2
5.17,529,2,7.7,2,2,0.71,3.0,0.2999999999999998,0.3868471953578337,102.321083172147,15.51,2,1
5.92,514,3,8.0,3,0,0.65,6.5,0.0,0.5067567567567568,86.82432432432432,38.48,2,1
2.6,286,3,9.3,5,0,0.6,3.4,-1.3000000000000007,1.923076923076923,110.0,8.84,1,2
8.77,600,2,7.5,5,0,1.02,1.9,0.5,0.5701254275940707,68.4150513112885,16.662999999999997,2,1
9.38,600,7,7.5,8,0,4.67,6.8,0.5,0.8528784648187633,63.96588486140725,63.784000000000006,2,1
5.03,447,2,7.4,6,0,1.33,2.9,0.5999999999999996,1.1928429423459244,88.86679920477137,14.587,2,1
5.65,569,3,5.5,6,2,0.46,6.7,2.5,1.0619469026548671,100.7079646017699,37.855000000000004,2,0
0.92,186,2,7.8,0,1,0.6,2.4,0.20000000000000018,0.0,202.17391304347825,2.208,0,1
2.24,147,2,6.4,4,1,1.09,4.4,1.5999999999999996,1.7857142857142856,65.625,9.856000000000002,0,1
3.99,454,2,8.3,2,1,2.16,1.4,-0.3000000000000007,0.5012531328320802,113.7844611528822,5.586,2,2
3.65,423,1,9.7,5,0,0.3,2.4,-1.6999999999999993,1.36986301369863,115.89041095890411,8.76,2,2
2.62,272,2,7.4,3,0,1.41,3.3,0.5999999999999996,1.1450381679389312,103.81679389312977,8.645999999999999,1,1
6.25,600,1,6.7,7,0,0.75,4.5,1.2999999999999998,1.12,96.0,28.125,2,1
4.36,386,2,7.4,6,0,0.65,2.8,0.5999999999999996,1.3761467889908257,88.5321100917431,12.208,1,1
1.79,166,5,8.8,0,0,0.23,4.8,-0.8000000000000007,0.0,92.73743016759776,8.592,0,2
2.7,188,7,7.9,3,1,0.82,7.1,0.09999999999999964,1.111111111111111,69.62962962962962,19.17,0,1
5.19,523,3,7.1,7,0,1.78,6.2,0.9000000000000004,1.3487475915221578,100.77071290944123,32.178000000000004,2,1
3.05,276,5,7.6,3,0,1.56,6.4,0.40000000000000036,0.9836065573770493,90.49180327868854,19.52,1,1
4.07,404,5,6.3,5,1,2.15,7.3,1.7000000000000002,1.2285012285012284,99.26289926289925,29.711000000000002,2,1
5.56,553,4,5.6,5,1,1.85,6.9,2.4000000000000004,0.8992805755395684,99.46043165467627,38.364,2,0
5.31,468,3,6.5,8,2,1.09,5.7,1.5,1.5065913370998119,88.13559322033899,30.267,2,1
4.0,412,0,6.2,5,0,0.74,4.4,1.7999999999999998,1.25,103.0,17.6,2,1
4.49,507,2,5.3,5,0,0.4,5.2,2.7,1.1135857461024499,112.91759465478842,23.348000000000003,2,0
8.05,600,7,6.3,9,5,1.4,5.9,1.7000000000000002,1.1180124223602483,74.53416149068322,47.495000000000005,2,1
3.95,447,3,6.9,3,2,0.87,4.2,1.0999999999999996,0.7594936708860759,113.16455696202532,16.59,2,1
4.56,473,2,7.8,4,0,2.11,1.6,0.20000000000000018,0.8771929824561404,103.7280701754386,7.295999999999999,2,1
6.37,570,2,6.8,4,1,2.9,2.0,1.2000000000000002,0.6279434850863422,89.48194662480377,12.74,2,1
3.12,277,4,7.7,6,1,1.23,6.3,0.2999999999999998,1.923076923076923,88.78205128205128,19.656,1,1
6.12,600,5,7.3,5,2,1.67,4.7,0.7000000000000002,0.8169934640522876,98.0392156862745,28.764000000000003,2,1
4.55,394,1,6.7,6,0,1.89,4.1,1.2999999999999998,1.3186813186813187,86.5934065934066,18.654999999999998,1,1
4.6,415,1,9.6,7,0,1.16,1.0,-1.5999999999999996,1.5217391304347827,90.21739130434783,4.6,2,2
1.9,105,3,6.1,0,3,0.71,5.6,1.9000000000000004,0.0,55.26315789473684,10.639999999999999,0,1
3.37,233,3,7.9,6,1,1.06,5.0,0.09999999999999964,1.7804154302670623,69.13946587537092,16.85,1,1
4.46,374,3,8.8,5,0,2.01,4.6,-0.8000000000000007,1.1210762331838564,83.85650224215247,20.516,1,2
5.07,574,7,8.8,4,0,1.15,5.8,-0.8000000000000007,0.7889546351084812,113.21499013806705,29.406000000000002,2,2
7.36,600,0,8.1,6,0,4.15,1.8,-0.09999999999999964,0.8152173913043478,81.52173913043478,13.248000000000001,2,2
5.05,496,4,8.7,5,0,0.47,1.6,-0.6999999999999993,0.9900990099009901,98.21782178217822,8.08,2,2
6.627418028320218,600,6,5.433094362795101,8,0,1.128930941323393,7.813695306802359,2.566905637204899,1.2661784767574784,90.54006221947714,51.821910162313394,2,0
0.0,47,2,7.775320071849451,0,0,0.0,3.0126892891979966,0.2246799281505496,0.0,473.8067867593991,0.0,0,1
1.4918182403314864,119,3,7.745452790055411,1,0,0.5345455203729221,4.463637607044085,0.25454720994458957,0.7038142042414945,80.05506138952629,6.685911252244276,0,1
3.3040854921462177,323,3,6.1,1,1,1.2338618083509552,5.412226616149496,1.9000000000000004,0.36689974023127575,98.12370024040477,17.732039706369513,1,1
1.0998621564167559,153,4,6.740198730894579,0,0,0.2727488371845939,4.104135307497323,1.2598012691054212,0.421133358426079,140.6538823364524,4.369900973405807,0,0
3.443124916597676,405,2,6.264583982018077,3,1,1.4960403785641052,4.339582869987088,1.7354160179819234,0.8873397355288133,117.81482120318636,14.952956374305407,2,0
2.619223440486987,272,2,7.4737731537362375,3,0,1.3785493397229727,3.303882797565065,0.5262268462637629,1.175247837778692,104.05687526929029,8.653532627276226,1,1
3.452898723354597,438,4,5.524372921057479,4,2,2.0322266924339076,6.246639845396555,2.4756270789425208,1.309446938723632,126.9819687280172,21.564681965330927,2,0
2.439142435243962,284,4,8.10428782378019,0,0,0.5395099173969644,3.5408883744670954,-0.10428782378019097,0.0,116.8884747683575,8.842181138901044,1,1
3.4934892816071668,316,4,8.801599772105803,3,0,1.1471204102095534,3.1126773087440247,-0.8015997721058037,0.8602032090002039,90.74483018438693,11.03259966829074,1,2
0.9235645104211837,59,2,5.670345570477377,0,1,0.4486751165663848,3.2025230183714584,2.3296544295226234,0.7064082638224818,65.32977676275102,3.130863207547565,0,0
5.634245324021704,532,4,4.506948938547173,3,1,3.4813897877094346,7.534744692735862,3.4930510614528276,0.544070701483271,94.42787317760445,42.46635042736002,2,0
2.6596178769679373,284,3,7.153669177081984,1,0,0.20431178055519567,4.885627398149348,0.8463308229180162,0.4414794528630434,107.26223949936292,13.037794003569632,1,1
4.572960850696555,387,2,5.337601963145896,3,3,1.9034420940222887,5.824398445842832,2.6623980368541043,0.8759514816099074,85.81643643096102,26.23989457181136,1,0
6.88444717931551,600,2,5.181552132317345,9,3,3.61627965916398,6.3703111148306135,2.8184478676826554,1.4090724997316526,87.15852797540576,43.791019785015024,2,0
3.9801679673124397,414,0,6.034733060936998,5,0,0.7119046203592896,4.515686857344102,1.9652669390630022,1.2989837577119725,104.0801983439788,17.96160406266985,2,0
3.7492181796629405,291,2,6.035963735504746,1,1,1.5956218061124658,3.385927233932925,1.964036264495254,0.26672301407834664,77.85353771974522,12.695272576405822,1,0
4.025404088842382,410,2,6.157659851929363,5,0,1.4555485023937647,5.500843849836562,1.842340148070637,1.346464623067338,102.04265379485605,22.18120402124292,2,1
2.773381990092596,234,5,8.634369669993127,1,0,1.6363071089094658,3.1471658745542026,-0.6343696699931265,0.3614061848003677,84.82133974782066,8.818616295929074,1,2
1.253916215909772,147,3,6.461907943881613,0,1,0.33467440873590193,4.031580230836425,1.5380920561183866,0.3966056415108623,119.50413484316884,5.446746038230385,0,0
3.353097560997319,365,1,3.0675831490324055,1,1,1.5161984478669273,7.061984478669272,4.932416850967595,0.3140241701897916,109.13527223031132,23.67127727193026,1,0
0.9912938664941712,124,2,3.2403472787733585,2,3,0.12965272122664157,9.642083672640151,4.759652721226642,3.031318351165134,129.06480666952658,9.383222500449135,0,0
2.653814712439784,188,6,8.217523851976486,3,1,0.8113402585824595,6.436086491321895,-0.21752385197648527,1.3586044499617873,71.00936290301826,17.15574414628008,0,1
3.261473668920319,341,1,6.530806905415674,0,1,0.5643366311004043,3.5258946756812763,1.4691930945843263,0.0,104.71752281639228,11.5145344781318,1,1
3.292417198234671,303,4,5.9910600378284835,2,0,1.368510006304747,6.5423839899124046,2.0089399621715165,0.8513153434550687,92.10351699156598,21.54694319538761,1,0
2.403265841867597,330,2,7.72947964859466,1,0,1.2426300878513348,3.4083822841347073,0.2705203514053395,0.7751471786722585,137.7501693895564,8.159299500949547,1,1
6.1537046348453694,585,4,4.11403067704825,4,0,1.7165166393596138,7.783815271947861,3.88596932295175,0.708021584521029,95.10430667066291,47.85182038770134,2,0
4.057181856320414,455,2,8.155431448424428,2,0,2.049447578206915,1.8847298494004496,-0.1554314484244279,0.5475807180660919,112.52327178970219,7.997063278982726,2,1
3.421996913776816,398,3,7.090054008905719,1,0,1.3444602648765067,5.0250192888948995,0.9099459910942811,0.3352159530758151,116.32286670577533,17.19050157850496,1,0
8.730659191034157,600,3,4.214615471896742,9,1,5.167747196637809,7.2,3.7853845281032577,1.1025432931280157,69.050667572702,62.860746175445925,2,0
3.7914130895158626,353,3,7.48586910484137,3,0,1.1828623034947123,3.6286230349471236,0.5141308951586294,0.7913009456272103,93.34779457147971,13.755278581910934,1,1
5.549544532082329,517,3,4.3516726991206935,5,1,2.7606125907353634,7.537081825219826,3.6483273008793065,1.0187686847562576,93.183182467974,41.82293830156112,2,0
2.9870798380060855,270,4,7.301957127397246,2,0,1.1659210906696926,6.035725377929968,0.6980428726027537,0.889456185556087,90.62999172765156,18.075485544118656,1,1
2.8733184471323496,224,4,7.331398127205491,1,0,1.4361679789337227,5.002902809191763,0.6686018727945093,0.5816541349493577,78.18351276277293,14.357580288678136,1,1
1.83495724335215,119,3,5.508702212292272,0,1,0.361134305252441,7.314763584352408,2.4912977877077274,0.33033395961325535,65.52958963955933,13.345187378762851,0,0
3.7759332303176154,446,3,6.174721792990065,1,1,0.565383153055827,3.2571383308870834,1.8252782070099354,0.40414224120022246,118.27854905526198,12.360902774925064,2,0
7.143144139893822,600,5,4.589761833474138,7,1,2.220511908326293,7.985740796186781,3.410238166525862,1.0953538842846933,84.40508577857224,56.695101141686955,2,0
3.174707293875567,227,3,7.019268188066284,4,1,1.0331951187672348,5.995609874359854,0.9807318119337165,1.500318060736007,71.8522386968717,18.720980710047016,1,0
3.877736967631128,361,2,7.594342419077821,3,0,0.5775385008587557,3.891513628616731,0.4056575809221796,1.0240976030646507,93.2949783748243,15.09092596250498,1,1
1.9458262118825733,216,5,6.4035879715459085,1,1,0.6435977558160525,6.928044883678951,1.5964120284540912,0.861841445955415,111.06624338558936,13.51770996501343,0,0
6.353569829840861,599,4,3.8,5,0,1.1701884230410413,7.7339245746021525,4.2,0.8379309058983778,94.42392173306328,49.25371139065679,2,0
2.9578750235171554,278,2,9.664015080251044,0,1,0.5661023561062781,1.5663638073974937,-1.6640150802510445,0.14703110264732444,94.49602052730309,4.77590284526311,1,2
3.737196583861934,290,2,6.588957142351045,1,1,1.5283008696268294,3.1695385095148083,1.4110428576489547,0.2675894353973381,77.65166155242021,11.853760870335366,1,0
3.0276823820123018,252,3,7.652563666399961,3,2,1.1049604281292196,3.4959566410461567,0.34743633360003956,1.2961411556537588,83.53371674426351,10.583909154801221,1,1
2.294922152879101,185,4,7.473602266188528,0,0,0.8981729178654366,4.8969450419740586,0.5263977338114725,0.3214856781269029,81.87067742171345,11.601440224846364,0,1
3.4800198261269353,404,2,5.977623574568282,2,2,2.0658617590715544,4.5445545895940835,2.022376425431718,0.6399779434529507,116.19695071115945,15.819576804803788,2,0
3.8616729847947653,353,1,7.00753555130604,3,1,0.8548151710821466,2.1422749048510026,0.9924644486939607,0.7770212037700702,91.54510984585698,8.202317623228573,1,1
1.5358796558365222,129,2,5.394842392993811,3,1,0.5536045834628589,6.20429800583849,2.6051576070061886,2.332672994513593,84.6555335106258,9.500875086909144,0,0
2.4862541842595887,200,5,9.89576359567352,3,1,0.3869063819469163,1.9335564938447383,-1.8957635956735195,1.2887747670625758,80.71756304039836,4.825240189180977,0,2
3.938842555795528,399,2,4.8834996025917015,6,1,1.0482774686824348,7.247537022318212,3.1165003974082985,1.682694006455663,101.57233118884291,28.55314208256292,1,0
3.8450620457581106,361,3,8.648138627256678,2,0,0.8482381224955868,3.768982671592915,-0.6481386272566789,0.5806964659550348,93.92692335011535,14.49787613050971,1,1
8.02057359184535,600,5,4.869238607422706,6,2,2.1852241956786935,7.595829087646035,3.130761392577294,0.8202807142096444,75.05249493588146,61.2037177964364,2,0
6.683280225471295,600,5,4.176194926895864,8,0,1.9994501802610123,8.41886910927236,3.8238050731041358,1.3255218714838946,89.77979097031309,56.28436867806527,2,0
3.7573693875761234,361,2,7.679116524144436,4,0,0.8329520082983062,4.0977913103610915,0.32088347585556376,1.1771479842110353,96.28220281849312,15.359855589535977,1,1
3.675836549000615,357,3,7.615936436520669,4,1,1.217788876391117,4.031872873041339,0.3840635634793307,1.1193633087786283,97.30519228478995,14.774797733159794,1,1
3.4006122449469536,312,2,8.729897958375261,3,0,0.09436734696817234,2.5264285719430157,-0.7298979583752612,0.9397111573926535,91.77075826294339,8.65937143050574,1,1
2.1688570714111597,254,4,7.939989997562346,2,0,0.45714142822319237,3.934300360712278,0.06001000243765331,1.3300639335522793,117.28161215719072,8.528516939752688,1,1
3.505705021287019,413,2,7.459319279893122,2,0,0.811701800267196,3.5214748935649034,0.5406807201068784,0.8294535546932632,118.01231486792254,12.264055957303484,2,1
7.682376864960425,600,3,4.111655892863527,7,1,4.678880097101366,7.505215066960296,3.888344107136473,1.0066246287268785,78.58761354733845,57.38857588304507,2,0
3.009125145757559,278,1,5.923906432196949,5,0,0.23825029151511756,4.84023391950763,2.0760935678030514,1.9186119661056313,92.4211865028673,14.55645006066107,1,0
2.884819133477462,271,2,5.599483238507035,4,0,0.26385981181725515,5.726421094105655,2.4005167614929652,1.5301138622981147,94.15855793426348,16.37521491906589,1,0
5.047659199381669,501,6,6.036506948670171,5,1,2.015160755226149,8.790479153989486,1.963493051329829,0.9917657553716899,99.41774954355986,44.5612527501956,2,0
3.2474285075558704,383,2,5.257802296067892,4,0,0.746417474325319,7.336703444101838,2.742197703932108,1.4799273960264245,118.25409349479179,23.810698941387837,1,0
6.019130691409658,565,3,4.536960371144874,6,0,3.210224705175259,7.847841484579492,3.463039628855127,1.011540732911367,93.94121401341799,47.243138199304845,2,0
3.8,355,3,7.967945136763768,2,1,1.1887376174886732,3.6,0.03205486323623241,0.6170207074603945,93.50280069034237,13.68,1,1
2.515009403127778,194,5,9.416509947870367,4,1,0.6025705234583352,3.4671681668148278,-1.4165099478703662,1.6524451436975567,77.34258021455572,8.76662218871411,0,2
8.052334394821623,600,3,4.070031844648679,10,1,3.5420827960865653,7.729968155351321,3.929968155351321,1.3082107028431305,74.51260112381608,62.243051293293824,2,0
2.6437904067216875,198,4,7.897226928582068,4,1,0.8548690042010548,5.708166058814767,0.10277307141793157,1.6702515362156227,74.99791687914342,15.287548880474334,0,1
1.8051164818119732,201,1,5.385461568290471,0,0,0.7126747227179596,5.106988908718384,2.6145384317095286,0.13795249118720154,111.8367486368039,9.228999370216195,0,0
3.1051774540038353,322,3,6.1,0,1,1.3658872700191762,5.465553242884537,1.9000000000000004,0.11996560204611949,104.01125036864202,17.04375785539009,1,1
3.9639119636328113,453,2,8.07638825970981,1,1,2.0006766350432397,1.539757337681369,-0.07638825970981022,0.4796642248817418,114.38366349599363,6.0679764718838145,2,1
3.3807543848400052,364,2,6.926558699261562,5,3,1.3955735501230728,5.127867750615365,1.073441300738438,1.4806357168921929,107.92516935149231,17.284561547832883,1,1
2.5219225301353405,240,4,8.207839373678224,1,0,1.3709985783518857,2.9341577830255474,-0.2078393736782238,0.546724828763508,95.3334771750957,7.297034187251575,1,1
2.5701144829389695,329,2,8.09869905751171,0,0,1.150104075399063,1.0024457718779844,-0.0986990575117101,0.0007460602083380915,128.3979082714972,2.5769381864785457,1,1
